{
   "add_site_to_list": {
      "message": "เพิ่มเว็บลงในรายการ"
   },
   "automation": {
      "message": "การทำงานอัตโนมัติ"
   },
   "brightness": {
      "message": "ความสว่าง"
   },
   "change_browser_theme": {
      "message": "เปลี่ยนธีมชองเบราเซอร์"
   },
   "contrast": {
      "message": "คอนทราสต์"
   },
   "custom_browser_theme_off": {
      "message": "ค่าเริ่มต้น"
   },
   "custom_browser_theme_on": {
      "message": "ปรับเอง"
   },
   "dark": {
      "message": "มืด"
   },
   "donate": {
      "message": "สนับสนุน"
   },
   "engine_dynamic": {
      "message": "ไดนามิค"
   },
   "engine_filter": {
      "message": "ฟิลเตอร์"
   },
   "engine_filter_plus": {
      "message": "ฟิลเตอร์+"
   },
   "engine_static": {
      "message": "คงที่"
   },
   "extension_description": {
      "message": "เปลี่ยนเป็นโหมดมืดให้กับทุกๆเว็บเพื่อปกป้องสายตาของคุณ ใช้ธีมสีมืดสำหรับตอนกลางคืนและการท่องเว็บในชีวิตประจำวัน"
   },
   "filter": {
      "message": "ฟิลเตอร์"
   },
   "grayscale": {
      "message": "สีเทา"
   },
   "help": {
      "message": "ช่วยเหลือ"
   },
   "invert_listed_only": {
      "message": "เว็บที่จะสลับสี"
   },
   "latitude": {
      "message": "ละติจูด"
   },
   "light": {
      "message": "สว่าง"
   },
   "loading_please_wait": {
      "message": "กำลังโหลด กรุณารอสักครู่"
   },
   "longitude": {
      "message": "ลองจิจูด"
   },
   "mode": {
      "message": "โหมด"
   },
   "more": {
      "message": "อื่นๆ"
   },
   "news": {
      "message": "ข่าว"
   },
   "not_invert_listed": {
      "message": "เว็บที่ไม่อยากสลับสี"
   },
   "off": {
      "message": "ปิด"
   },
   "on": {
      "message": "เปิด"
   },
   "only_for": {
      "message": "เฉพาะสำหรับ"
   },
   "only_for_description": {
      "message": "ใช้การตั้งค่ากับเว็บปัจจุบันเท่านั้น"
   },
   "open_dev_tools": {
      "message": "เครื่องมือนักพัฒนา"
   },
   "page_in_dark_list": {
      "message": "เว็บนี้อยู่ในรายชื่อ\nที่มีธีมมืดให้ใช้"
   },
   "page_protected": {
      "message": "หน้านี้ถูกป้องกัน\nโดยเว็บเบราเซอร์"
   },
   "privacy": {
      "message": "ความเป็นส่วนตัว"
   },
   "read_more": {
      "message": "อ่านเพิ่มเติม"
   },
   "select_font": {
      "message": "เลือกฟอนต์"
   },
   "sepia": {
      "message": "สีซีเปีย"
   },
   "set_active_hours": {
      "message": "ตั้งเวลาที่เริ่มทำงาน"
   },
   "set_location": {
      "message": "เปิดใช้งานหลังจากพระอาทิตย์ตกดินที่สถานที่"
   },
   "setup_add_site_hotkey": {
      "message": "ตั้งค่าคีย์ลัดเพื่อเพิ่มเว็บ"
   },
   "setup_hotkey_toggle_extension": {
      "message": "ตั้งค่าคีย์ลัดสำหรับ\nสลับโหมดเปิด-ปิด"
   },
   "setup_hotkey_toggle_site": {
      "message": "ตั้งค่าคีย์ลัดสำหรับ\nสลับโหมดเว็บนี้"
   },
   "site_list": {
      "message": "รายชื่อเว็บ"
   },
   "store_listing": {
      "message": "นี้เป็นส่วนเสริมที่คอยดูแลสายตาของคุณด้วยการเปิดโหมดกลางคืน และสร้างธีมมืดให้กับทุกๆเว็บ Dark Reader จะสลับสีสว่างๆให้เป็นสีดำหรือสีมืด และทำให้ง่ายต่อการอ่านตอนกลางคืน\n\nคุณสามารถปรับแต่งความสว่าง, คอนทราสต์, สีซีเปีย, โหมดมืด, ตั้งค่าฟอนต์ และทำรายการยกเว้นได้\n\nเราอาจขอให้คุณสนับสนุนการพัฒนาแอพด้วยการบริจาค คุณอาจเห็นข่าวเกี่ยวกับ Dark Reader ในป๊อปอัปการตั้งค่า มีเครื่องมือสำหรับนักพัฒนาสำหรับผู้ใช้ที่มีประสบการณ์\n\nDark Reader ไม่แสดงโฆษณา และไม่ส่งข้อมูลของผู้ใช้เด็ดขาด ตัวส่วนเสริมเป็นโอเพนซอร์สโดยสมบูรณ์ดูได้ที่ https://github.com/darkreader/darkreader\n\nก่อนที่จะติดตั้ง ปิดส่วนเสริมที่ทำหน้าที่เหมือนๆกันก่อนนะ ขอให้สนุกกับธีมสีมืดนะ!"
   },
   "system_dark_mode": {
      "message": "ใช้โทนสีระบบ"
   },
   "system_dark_mode_description": {
      "message": "เปิดใช้งานเมื่อระบบโหมดมืดอยู่บน"
   },
   "text_stroke": {
      "message": "ขอบตัวหนังสือ"
   },
   "theme_generation_mode": {
      "message": "โหมดการสร้างธีม"
   },
   "toggle_current_site": {
      "message": "สลับโหมดในเว็บนี้"
   },
   "toggle_extension": {
      "message": "สลับโหมดเปิด-ปิด"
   },
   "try_experimental_theme_engines": {
      "message": "ลองใช้ธีมที่**อยู่ในระหว่างพัฒนา**:\n**ฟิลเตอร์+** เพิ่มความเข้มของสี มีการใช้ GPU\n**ธีมแบบคงที่** สร้างธีมสีได้ง่ายและรวดเร็ว\n**ธีมแบบไดนามิค** วิเคราะห์สีและภาพ"
   }
}
