{
   "add_site_to_list": {
      "message": "Pridať stránku na zoznam"
   },
   "automation": {
      "message": "Automatizácia"
   },
   "brightness": {
      "message": "Jas"
   },
   "change_browser_theme": {
      "message": "Zmeniť motív prehliadača"
   },
   "contrast": {
      "message": "Kontrast"
   },
   "custom_browser_theme_off": {
      "message": "Predvolený"
   },
   "custom_browser_theme_on": {
      "message": "Vlastný"
   },
   "dark": {
      "message": "Tmavý"
   },
   "donate": {
      "message": "Prispejte"
   },
   "engine_dynamic": {
      "message": "Dynamický"
   },
   "engine_filter": {
      "message": "Filter"
   },
   "engine_filter_plus": {
      "message": "Filter+"
   },
   "engine_static": {
      "message": "Statický"
   },
   "extension_description": {
      "message": "Tmavý režim pre každú stránku. Šetrite svoje oči a používajte tmavý motív po celý deň."
   },
   "filter": {
      "message": "Filter"
   },
   "grayscale": {
      "message": "Odtiene sivej"
   },
   "help": {
      "message": "Pomocník"
   },
   "invert_listed_only": {
      "message": "Invertovať len"
   },
   "latitude": {
      "message": "Zemepisná šírka"
   },
   "light": {
      "message": "Svetlý"
   },
   "loading_please_wait": {
      "message": "Načítava sa, čakajte, prosím"
   },
   "longitude": {
      "message": "Zemepisná dĺžka"
   },
   "mode": {
      "message": "Režim"
   },
   "more": {
      "message": "Viac"
   },
   "news": {
      "message": "Novinky"
   },
   "not_invert_listed": {
      "message": "Neinvertovať"
   },
   "off": {
      "message": "Vyp."
   },
   "on": {
      "message": "Zap."
   },
   "only_for": {
      "message": "Len pre"
   },
   "only_for_description": {
      "message": "Použiť nastavenia len pre aktuálnu stránku"
   },
   "open_dev_tools": {
      "message": "Vývojárske nástroje"
   },
   "page_in_dark_list": {
      "message": "Táto stránka má\nvlastný tmavý režim"
   },
   "page_protected": {
      "message": "Táto stránka je nedostupná\npre toto rozlíšenie"
   },
   "privacy": {
      "message": "Súkromie"
   },
   "read_more": {
      "message": "Viac informácií"
   },
   "select_font": {
      "message": "Vybrať písmo"
   },
   "sepia": {
      "message": "Sépia"
   },
   "set_active_hours": {
      "message": "Nastaviť čas používania"
   },
   "set_location": {
      "message": "Aktivovať po západe slnka podľa polohy"
   },
   "setup_add_site_hotkey": {
      "message": "Nastaviť klávesovú skratku pre pridanie stránky"
   },
   "setup_hotkey_toggle_extension": {
      "message": "Nastaviť klávesovú skratku\npre prepnutie rozšírenia"
   },
   "setup_hotkey_toggle_site": {
      "message": "Nastaviť klávesovú skratku\npre prepnutie aktuálnej stránky"
   },
   "site_list": {
      "message": "Zoznam stránok"
   },
   "store_listing": {
      "message": "Toto rozšírenie je šetrné k očiam, vytvára nočný režim pre stránky za pochodu. Dark Reader invertuje jasné farby a robí ich kontrastnejšími, čím sa zlepšuje ich čitateľnosť v noci.\n\nUpravovať môžete jas, kontrast, sépiový filter, tmavý režim, nastavenia písma a zoznam ignorovaných stránok.\n\nMôžeme vás požiadať, aby ste podporili vývoj aplikácie darom. Novinky o Dark Reader môžete vidieť vo vyskakovacom okne nastavení. Pre skúsených používateľov existujú nástroje pre vývojárov.\n\nDark Reader je bez reklám a nikam neodosiela žiadne dáta užívateľov. Má plne otvorený zdrojový kód https://github.com/darkreader/darkreader\n\nPred inštaláciou zakážte podobné rozšírenia. Užite si sledovanie!"
   },
   "system_dark_mode": {
      "message": "Použiť farebnú schému systému"
   },
   "system_dark_mode_description": {
      "message": "Aktivovať pri zapnutom systémovom tmavom režime"
   },
   "text_stroke": {
      "message": "Obrys písma"
   },
   "theme_generation_mode": {
      "message": "Generované motívy"
   },
   "toggle_current_site": {
      "message": "Prepnúť aktuálnu stránku"
   },
   "toggle_extension": {
      "message": "Zap./Vyp. rozšírenie"
   },
   "try_experimental_theme_engines": {
      "message": "Vyskúšajte **experimenálne**  motívy:\n**Filter+** zachováva sýtosť farieb, využíva GPU\n**Statický motív** generuje jednoduchý a rýchly motív\n**Dynamický motív** analyzuje farby a obrázky"
   }
}
