{
   "add_site_to_list": {
      "message": "Dodaj stronę do listy"
   },
   "automation": {
      "message": "Automatyzacja"
   },
   "brightness": {
      "message": "Jasność"
   },
   "change_browser_theme": {
      "message": "Zmieniaj motyw przeglądarki"
   },
   "contrast": {
      "message": "Kontrast"
   },
   "custom_browser_theme_off": {
      "message": "Domyślny"
   },
   "custom_browser_theme_on": {
      "message": "Niestandardowy"
   },
   "dark": {
      "message": "Ciemny"
   },
   "donate": {
      "message": "Wspomóż"
   },
   "engine_dynamic": {
      "message": "Dynamicz."
   },
   "engine_filter": {
      "message": "Filtr"
   },
   "engine_filter_plus": {
      "message": "Filtr+"
   },
   "engine_static": {
      "message": "Statyczny"
   },
   "extension_description": {
      "message": "Tryb ciemny dla wszystkich stron internetowych. Zadbaj o swoje oczy, używaj ciemnego motywu przeglądając w dzień i w nocy."
   },
   "filter": {
      "message": "Filtr"
   },
   "grayscale": {
      "message": "Szarość"
   },
   "help": {
      "message": "Pomoc"
   },
   "invert_listed_only": {
      "message": "Odwróć tylko listę"
   },
   "latitude": {
      "message": "Szerokość"
   },
   "light": {
      "message": "Jasny"
   },
   "loading_please_wait": {
      "message": "Ładowanie, proszę czekać"
   },
   "longitude": {
      "message": "Długość"
   },
   "mode": {
      "message": "Tryb"
   },
   "more": {
      "message": "Więcej"
   },
   "news": {
      "message": "Aktualności"
   },
   "not_invert_listed": {
      "message": "Nie odwracaj listy"
   },
   "off": {
      "message": "Wyłącz."
   },
   "on": {
      "message": "Włącz."
   },
   "only_for": {
      "message": "Tylko dla"
   },
   "only_for_description": {
      "message": "Zastosuj ustawienia tylko dla bieżącej strony"
   },
   "open_dev_tools": {
      "message": "Narzędzia"
   },
   "page_in_dark_list": {
      "message": "Ta strona jest w globalnej\nczarnej liście"
   },
   "page_protected": {
      "message": "Ta strona jest chroniona\nprzez przeglądarkę"
   },
   "privacy": {
      "message": "Prywatność"
   },
   "read_more": {
      "message": "Więcej"
   },
   "select_font": {
      "message": "Wybierz czcionkę"
   },
   "sepia": {
      "message": "Sepia"
   },
   "set_active_hours": {
      "message": "Ustaw godziny aktywności"
   },
   "set_location": {
      "message": "Aktywuj po zmierzchu w danej lokacji"
   },
   "setup_add_site_hotkey": {
      "message": "Ustaw skrót dodający stronę"
   },
   "setup_hotkey_toggle_extension": {
      "message": "Ustaw rozszerzenie\nprzełącz przycisk"
   },
   "setup_hotkey_toggle_site": {
      "message": "Ustaw obecną stronę\nprzełącz przycisk"
   },
   "site_list": {
      "message": "Lista stron"
   },
   "store_listing": {
      "message": "To rozszerzenie dbające o zdrowie oczu aktywuje tryb nocny tworząc dynamiczne ciemne motywy dla stron internetowych. Dark Reader odwraca jasność kolorów, nadając im wysokiego kontrastu i ułatwiając czytanie w nocy.\n\nMożesz dopasować jasność, kontrast, filtr sepii, tryb ciemny, ustawienia czcionki i listę ignorowanych stron.\n\nMożemy poprosić Cię o wsparcie rozwoju aplikacji darowizną. Możesz zobaczyć wiadomości o Dark Reader w wyskakującym okienku ustawień. Istnieją narzędzia programistyczne dla doświadczonych użytkowników.\n\nDark reader nie wyświetla reklam ani nie wysyła nigdzie danych użytkowników. Jest oprogramowaniem o w pełni otwartym kodzie źródłowym https://github.com/darkreader/darkreader\n\nPrzed instalacją usuń podobne rozszerzenia. Miłego oglądania!"
   },
   "system_dark_mode": {
      "message": "Użyj systemowego schematu kolorów"
   },
   "system_dark_mode_description": {
      "message": "Aktywuj gdy systemowy tryb ciemny jest włączony"
   },
   "text_stroke": {
      "message": "Obrys tekstu"
   },
   "theme_generation_mode": {
      "message": "Tryb generowania motywu"
   },
   "toggle_current_site": {
      "message": "Przełącz dla obecnej strony"
   },
   "toggle_extension": {
      "message": "Przełącz rozszerzenie"
   },
   "try_experimental_theme_engines": {
      "message": "Wypróbuj **eksperymentalne** silniki motywów:\n**Filtr+** zachowuje nasycenie kolorów, wykorzystuje GPU\n**Statyczny motyw** generuje prosty, szybki motyw\n**Dynamiczny motyw** analizuje kolory i obrazy"
   }
}
