{"file_hashes":[{"block_hashes":["LPCyp8T6WxLWncpf/ndSw7UNm5//loXQSAwxfOHgt1s=","wlm5pieBxGtGKJ1/wMF0wKrgHtqmf0Anoy43Q25ivq0="],"block_size":4096,"path":"_locales/be/messages.json"},{"block_hashes":["stIdlDMh2td0Qw709/y8a+igKzXMyOW0TkSC/2KPhJc=","t7g/GbBLLiGsZoFayBR+snyjS+8JFCExtBzTHrkVzME="],"block_size":4096,"path":"_locales/si/messages.json"},{"block_hashes":["igsRbtDP7MzLGZnoqzh53jLhlIJemkrzA57ymx/CUls="],"block_size":4096,"path":"background/index.html"},{"block_hashes":["RsKT9ODx+4OmPP+f0Lnl+x+Z6Z/bLcfHtdSk+T/Ikn4=","+mPY3VEtnebED9LuF3BV4/mwoqElbeK9f7walD5daxM=","25hNDYn2Po2gaqsG7WgVfvya4puZKRb3ckQO1t6QrnQ=","9w2hen0zhtEWHrdSQF7VZUnroNoJvFbNllbzqgvEz1g=","d1lSIt89jlECXoCZeahlUaTCNcKX4FCdmAwsEwXe6b4=","+f+R6/oT3EuPYN/fMYekxeXPbJ/8mEv8dkHFrm3Pq3g=","kJScSTYfzkBzTtrqvvD9c2X8ntiVrpLvh0NPwPebiRA=","W19xPccaonA7p/pNcocpf+iZHA82y/us5255ervDeLs=","BTq0sfIyQ9fW2ipwlY0yrMMJ4IOO1aPMJQ0E725fwzU=","cIlH43Rc0Tu99qDu6J2RwHVE5lTNcB8U7pjGcGK5n3Q=","Aa0gMEehKeEibmvfNOb6YX5mmZAvpqlUAiEnyAco8/c=","VTx+JwFlKudU/+kDGIWiF8mLqqddHSBpn2widix8QUY=","1sa0D804r5l5lSL/T5to/57K7mwTDUu1jDK5HCUNXjw=","HEdfzyZc0CIDd7jgM3RgPrZB/n4kkTWCZDqxbBJi8vo=","J23wke4jfL14sMcj5DGOunLVmB4zrr7XmgCYDjfm/3Q=","tQZPYnJeT8W8E2dOHnWuNP04+WMx8frvu8g/YQGpDXI=","ofkn72e1ccYdjx2N0D5DtxuZvyLqAPhAjgdFOV4T3Cc=","GAhCfV/X71Go6m9hook1ghqczD5r994tg5uu5EpD8Sg=","iHY0c8deaA9VR6t9eA76Ym3O+/n58/OAox+gfl6X+Dg=","MGi/mwc/yt1+l4BZ3dELbNsocIvX3Cp+Wv409iOxvOY=","Jdj5C1+AjVR9p/JqzahnDoksAnhgCJXpxdbMe46xIZ4=","AgcWVsxk5oI5yN8vB9lhaKjtlEcLzptjhEZJr/kwqxQ=","hij9BV4Qrj7DBhPpX3FHgf2yh26a7XjW1KwRC16I0Rw=","htouBM7/XPW7IfKKj3euYGElye/r0Gs2BKb5S6lsFKk=","n6nbZsFh68bVJsWkSP239jl6949t+6kpKGa0CEKZvLw=","BieUJ1TFd+KmkOiocGlnFuGUjIEW63RNf/Q0TvaNAk4=","lqhK9neUh900EO9USOeOhJ9lycEHm4/Zb4utOeAFE0o=","Yq5DQzWGyXMAu5hOUTakrM1YefZabbrDy7N6N6DKi4Q=","o9L2NoaU3VfVv7Zw8wX7klrJFgwXI0MgaWEjSTldW34=","eumU0hLKHuBjk9wnOlUlEccNyBdIlcb7u557zgDBTSo=","oTgrhBdwMbN0wg6adY7WsqRb66H2ov0s70RrQTLPpd0=","ZG/tuCJ57nAkOVHZQBTu1AtgkbMTygmCib/wID3YhQs=","hv945nKg+Dwv02ELzDQ0wbv9X2pJCM11VBB0P3yQUBk=","C+/1R0sVr07Fulad9eJRtM6tvYpiZ01R6+LtMb6OcYE=","1Surjr+3lOr6nQAPIQctfdfj4mkp9bAyBsrWKtxExQk=","WR2AILHdxEpOJLnOguIiNv6l3n9EOv1DozTXP8JHaBU=","jj6hYbMbVLEGyLRb3ayS5lNskdLXoVLNb6dCl8Tt1Rc=","09U9UYGFLGQ3hjrOnZx9azgcyraf1dGKpH3lbU67qCc=","ig+4WxoZ4kFFxVsTGxEKhdQNL5C2wf2vKkvW1gaf9/U=","9VRNjAppBIKQ4W6xCLzc/Z19NaLM6II9GvrZAN2gdRw=","j7X30o6CIDhWPxJWcpRWOBUUF6Me86RwySqbWcQ8A1k=","ZHoxzI8ZK1V4Jc2QO3khnMMZ2CYwyLrftWAQIBqxye0=","mX4MR7HFQW3eFPi3nGF62v+1HASPCl1dHb2blZngczc=","qP5kPE0TDLMLzCawcm4cbSG5+cOL97v9l9EayEPcnpM=","HEmKAU8foW3OnWXBQser5J5KC5Ki+zLBiYVgS58zEq4=","BEUrFjSUgCrBc71e/9NP57WpDUMGeNIQ9vdWeEYKkFY=","Rw8606Rb/c+sqDECuwrM6jIQbpYOghCS/qR3MHaVzJg=","dbao5+E9JWNZOiM7xcMo66C47MAPk83gEEY7bl+jPls=","C9wnbmczWrwNKbovOQ2B9CWZMaQ5h2d3T+vM5PcsoCs=","hh2EJ29YTpqG1UYxLsh02HILuCWxxkq6XoOAVNBVZ98=","S+s2BZQe/9qieesocxWGbbbUoH6Yfp37ZmX+4IbMLRc=","F0YHbzD2s3raCfGl23IT5N16eTuNAmXEw4yAHOo7iGU=","u8pxLdH/ChlWsWT+wQ4V5qqYs0DoYEnjCbl2In7ECx4="],"block_size":4096,"path":"background/index.js"},{"block_hashes":["XTrs7Wd07IzI9FGqvLsPQn/D7O4Ve5MXLik6ebvQVJg="],"block_size":4096,"path":"config/color-schemes.drconf"},{"block_hashes":["CpvzU/hEixKWNJ6vFuCPv/G5NnNNYCjwgObl60sd17Y=","8RJ55RPnWloPHO8VbQDJczUCB47NUT621hjnhEHOLkQ=","eWR5MhfjIqAv3EmJWQaT7T1dMKUCsvX3P4imqxEatrY=","ockCahz7gY3DTPfNcN+XGL9PpzKEvjpXTvFRxNbX1OE="],"block_size":4096,"path":"config/dark-sites.config"},{"block_hashes":["iOs1SvSwc46ISd4BHKl7zzQg5Ewy6DeHD5nrLHUik+I=","26YiE1Nn2C1yTaLgOhgzC31F6CWZ9K9r+MXNgmrLAJQ=","Imkm9OypHt4Wtuzxm42B0W0FYMKNogNeS7uOO2jVcg0=","3IPd2tuoQl3pI321ML2TX0snYjKjXxJSP12M6Imba2A=","KMPdzrXRjVIZKR+xhLTZWGJuCjyCP0JI6pSHHx1RX3Q=","QH4TlyeizCZBGUPqrgq8zY1Aykf7vV/G1drKuTETe0A=","05E+ydOOyjuiwQgq5VK8KY2vX+Nuy6894PUs6ANVKRI=","AtfBuJMYyYn4/1pketgU7rhZv4esQfHHslEg/EmnRno=","0t0KoMyWUIWY6VZcQ+aDrA3QJAFQVAqkiqeIUfIp5zc=","QYhBdh/v76i9/znuOxml75QDmtsfcqaMACX38jhnp5w=","AFFSgz/69R4X+L/D/hnSV9vrXxuINv+nJ0SJi0qcR2k=","DSQpbnR7G8yNxBGjTmd5I876brNoAyW9oSac1Mfu3ZA=","am5j3/ybx9MxZtGaAdvmxbFdlAkJD+IjswMjdkix9bU=","luVFsyM5Y955ZtjTmAFRJR1XrzE9nVQDrHhQWMpRKmI=","t2YCEA+qHE9s+2zs6wOGlhnNk0Vx6LMaHsYAaH2gnmQ=","4tDDKYqJK7u2gzdI+R5DIJpAFj4+VbufusSN0EsYS74=","2SjyfM7ZwUQMZwlVkpatJsMB35xRVJohEa3EAzG6D5I=","/o9dpoN2A/DCs7Nx5LSBPuahLqPN0Cr48XE8o+LMLA8=","fOtJAxISN90+KjQh6Bi/EcV/KxbJl6x5udbkRdeEfh0=","olTiw/lTW1fuvWsLkZhihF1cz3hp6eOnw6iWoJIkcc4=","fuSh6PeyL9nXSJjqi8UyW6tgA9PoPCMLmG1cvf4VhcI=","hWLq2tYHiANw0RMv7B5/is/H9XVZman1rdSoLoGlZ8U=","Bca8cCWjj044sT3WQMVoWLHvzglULGTwzpT9xn726MM=","Sj3+iWKTuMcKJ2G53LNISflPtqCOgKO4sVh/PwOa0Tw=","PUJ+DUooRrMqH3RU1v93fSSKY/JTMvtjafazrWM6Iys=","Mk1t4L+53oozAdNbHHHoGlwNFTBQb6naeazSyPdfwHM=","BnTHjWgWgEqORK/ya/7hkFJfLdMqDUktXm1egQrSTwQ=","IlE0k+c3vKM6qejrWLEcnlfPSHVNxudSIBfvDeHdsAM=","08CLgQUznuKiGzbX8fwz4Aet87OGjufcUCiyt4MDqds=","Ml9MJaXqd6QZosd06dP0d4J58Uesko8NdccdlnknMeo=","s2ApnhCR+0bHC78UWTqTYKAhP0G7iGK/Pwyt/+6ym+k=","l1BVtoBEQO094jU0+rfIDzRBO5QCmMVznCwNNmezsFc=","j2lmyTi3bbQXRMKKktrSTvoPIx/wcVUdNosmHKtLuwE=","W96hXeocvNaRkHwRjyczDtwsGAFlhU/RQEfTbBn9aEU=","Oz8mLzBXLyEuNn8WuOOY6vX1Gtc3kgtP5Qyqc9CyH88=","juXzZEEm5L+MXtfTfmBYbSL3J6kz0X326d+huOm2sPM=","DNQHAi5ngLXWeg5TBtJmaj5VLdUlrv3p5LsyJHrmG7E=","x83Sdejobs5Yqo7iuqfAwtGj03RQbKKZ+4zAJrgSl9Y=","EtcW1SO5Dxl2DelOiHFrXKp7v70i6ybTyOeN34um0tk=","ze2MM3CcmQevbwLSnK0ZRwP7ZFZpdz4bWCR+Ei7c23Y=","BtRDvaFhTEFN4tr+NO6pvojKXi3OsPHcNH6kxoS700g=","VaIioDKq+QkabS5WXh2VjGfxIgmbISyVi4BOZ9OGXyo=","MLuHC8wmnHiRKwFxNlHEUfstlh13RSrn1vpb0nMU8fw=","vhg5Fi2hb88MQLi9EADvof+Yap47O/itIbMSLlr442M=","hqJJaEBsWiZ7KYbHq8mYSH+PgLVHu7j88LD4IimGJMo=","weJRkJpT6Heg/0Ic7mzMaMBZAW9bHt8w2eYbnDIxLFw=","mPE8q+80wbqN8PY7YQ6buSLnBM3VldvSS1wQAlchmd8=","wR9jlOq5S8coZDGviFWzyJQnOcdbJnUbDI7akLU342M=","EjpHElCRAv+d1ClDzB06hoA/xob6Y3ky4Ch47IPNaP8=","sGT5qqN5bpirxw2KceOWJgOcs2oUh1dKJAkxGrD7buk=","deamKoiNHqv6nUdHaHkJR2VTy9HD8pjDhQuhS71fLho=","0gWyycPxyVc+xXptexlzMWOhsBKhuqffj4DOKyiFWYc=","L49QHs17lNi4WdZVCezqQtHw0RBdJV2gOKbjXB13gMQ=","qN5PZn9Hc6b1JjY3OFj7YTxQGh5pq0cG9G3AIhv3Fas=","Upl/PwEoC1a5XSGONdVwdDL23t82ecAnqj0okgDgCqo=","cSGekmNfSrl4KpUuVhWiDXlKmb5r3/42nFV6A/dxaIw=","m13MMNTCWYBa64mA3njIwpY2lmf85oIlEyBVu3QX41k=","gBjrburlOqEip1rcto6V0VX8XVvt6cKv2PkCNPkT3xA=","5kg0T2tBx1K97+sBwScPN7LBRuKT9ZOB9xVb8sByb8Y=","Umjy7Xw3h+3dBnjq9xXqSrmPpPTonklbaTmaTWhkSxE=","Js80yaSsz/deUcY2+YgcYO9VsPMY/9W9MCiQHB0Hm14=","m/d4zkbTZk7RmnWtivqm/kEmrijsRasPBSEVVVSHBPA=","rF2g32QwWjE1Epk+Z8fBMNXu/6iTzMeuPWGc5MchHqM=","gFzSmxpf8uRPI7+5s84/i/IdObI1GjdWaxArfHdE+QY=","bQarVR49VwN83QozVgyjiuWLicenqIn23Vf/6IPtbTg=","3a1KffCC699LKfDrQSnpgxR9QI9NYC8xoKPcgYCZr0A=","lBCC2kcy6bLIHieh3N+BqwZ2T7q7noRYjTOqh7B41rs=","O/uzf9ChWUBGaSK8nVzyz6QJHCy7IIx3aCoWEET6BsA=","7wJ9Mt9DS6i3MNI2JFuUrYOuCoR7IOlCBC1hE8xKueM=","/9P1vZADQxeJzwtOMKiKgbmKSO6bLJ6ZL22o7zYLpgQ=","9BmuwKRoRB3NnxVE7KtzdJ+ossvqZiunwQWwlkOFVXQ=","uvXV3IQxH2UGTcMx12A29cKjQ1hnJ/jrwy3tOdHTDeo=","fjHBcgJxhdn4BVTrcQmRHMfnclDOS9NZQf+b/dEJNgE=","MK0QSBTE941LAUWM/jBbImiUblW9gCoVy5MioCIg2Gw=","lBmBWPQHGFEQXLB9ko1V4Sq4l2ngW4DTXrJuHdeIBtA=","5oHjXikim39+SzN16hylhEkpTqEPrhAzemF5iAq7p14=","aLCtdDipNdgoqC8DhX7muUh0XVTpFkFBGnnlerggzP8=","GTyQFRtjrAv7ykOMc4u83S06fW2xIQGi8HNwJxGMugA=","Ws2aEdd+LrNpIUKWVyNIQ2u/ioHJqsgkAvCsJGHzFT8=","OPJMIA1pqHyFabhcRmLiJkh0A7lGCwJz/y91ZjvNlw4=","Yw83zbY6RaZJaVoO+zazQ3nxgN4TOBss9IVAVsbpjIs=","sSwiUpnNmAw72nwTzQPMzO5LkiK3TshemjjfFLfu4yw=","p7qm7GgmgHALds0kgNXQ5aaT/kKLfXcT5rfh8qLY6w4=","OFriMV+LEUdYuf1P2FuhGGp2B95W3XFF7P3ldpLA5BA=","Q7AcgYBtoazNThNpK11lnsBj5Fpbqiw/yZbCxPmsIKc=","Sm8aHO4SFqAjMpDU+P6vvomzwX+KDFpPW30z143AUmY=","8+aX3KE+tsMiUGPfImK+W15GGqF3egnIuCfTPy5fArM=","OW6LJ96PJO6LiO2ldJw89mtS2eTnEfpzxHUyk5E7fZ8=","CC1bzo3jH/X7uKtY7u3+QAdD55PefmXWhLetI6CkGSE=","uO0wf03GxE0S2df6iyYWq0fYJMsVHvDds2x07y5pyKA=","Kuru56QCWBvfC7Ycdd5bJeAUfZYcoa6UIr6LOOc4GiY=","EpEoBXTRq566uoSb4FOBtQUuX9Qt4IrNAnpurAgyFLE=","J6Xi5Sv1bsBnVWC4nXkiZPc+JfoVU4NkI8VSnRWSvyc=","ejaHh+PHf8RPuOOs0K7O93fsU6COmwGPTZexTN2addY=","Q3RRx1g7iiM6v+yioM3tKm86yGYSZQg1K75aF7rjABQ=","ccAL03+OnCkhhMM7YDiskzm/2mEIRq57A8leLbZn1d4=","VYIIZD1sVgMDcdhLjGkPVIcy+vMX2OIZIhk15ZeUCaY="],"block_size":4096,"path":"config/dynamic-theme-fixes.config"},{"block_hashes":["aHu8/3j0lnypAL7vQY844O+d/ftHc5uaTi7qSM9oSHI=","krmXAz6z6XmbehjuUlgFsurMvYbptgdzAnhnO3KVAJ0=","F5NHJcKMyYtFhjbUUkmY2/yB+yqk0enUHq8UHtHzZZk=","xtDAidPHTKzmS8LtyPL+D6w0vZTu/fb71uLU22QVkZc=","NscoSrCm39i+0EqGi8yl0YACtX+xovtOGXU0DJYmJVg=","hyOKE+rA5CJ3S19p8JMJJ8W+uRcW8e9WdxjkxgpheQY=","qtjBPEez1gv/Li7q9aryovvA9+e7moVfJFLEhBLszVs=","+DK5f6bxNSPC1DtCgvKJf91yitLN3xRRoRN+w8OXVB8=","OtMsc1DiUU0ZxELNlAU9LtAicNEFkSMxF8OAdVkwKpI=","Argd5W66HkursUFoQXzBxqlD5dyI6+dboR5ISNFqwfI="],"block_size":4096,"path":"config/inversion-fixes.config"},{"block_hashes":["D1npqu8eXolWRVyi9+IZIk9RWW4zWXBfKGWnbpiIsa0="],"block_size":4096,"path":"config/static-themes.config"},{"block_hashes":["6UpqRckpGM4+RZ1t5kSu2DansWcnjU2574pIFNPgMRY="],"block_size":4096,"path":"icons/dr_inactive_19.png"},{"block_hashes":["DqEEDj/EIZfXEODGmrqPbKuJ5KQD0oOIHb4e6cCBplA="],"block_size":4096,"path":"icons/dr_inactive_38.png"},{"block_hashes":["Der2BHe16XdZ91rKkzB4U78zQzJV/TEcK8ExrrOt2M4="],"block_size":4096,"path":"inject/fallback.js"},{"block_hashes":["lQZPGlnbpuZfZx7em9a9BvtzxWyD8gQ1jyDSIIyTuHA=","2nAlmY3kEfpvyYXzO4UEODRrf4njw0xQffXnIaRM/Mk=","UGoNoWfHX1jg6vBY43M5dPQhlMDbVDZFkgSghp7s2Ro=","tmKAtapec42JE4f9yeiOoZzQFm0TtlkXP9kq0iv0LuY=","bDhM330FtQ3bkOBifwCMqB97gCrvaaHRXIKj4yyAjs8=","pgywl643TDKNNrhaGdqXYtMf7Fhf8ulzdQvbnPBkYIU=","prvkCWbTgKazEecUsTkcFtEGA2BCztAQRJ/NSMkcS1A=","rinOm23SLR5VK95QGUSypvaOd0+fXYr5BHbeQlQLHeY=","EswdByX9RqVMD09lhbQWaGKpYyPobX7I+Ueo7J/+J+g=","pKbNqsDvhglDN6aKFstRSAgy0IzoGjDMALX5yzd3MWQ=","3Fl/jsMqXXcKxR3+m5+ZNoB8o3xYdTxO/kp0WFf20Ro=","JQrsq4mNmwU4YpOVTqwOGbC3HXDjF/wQoXKlWwikCc0=","nIT9YH8Ze8rUjgzxWFSywXuZQ5vs4WvpTTj/xuPiX6M=","HpiyagJUdDPTxLxibhpAIvBJsriDlvUtjKf4zvUYUh4=","aq8NeAaCg0kkbZg9E3xWqnGnwIP+iOo14w/NF1/DYZc=","SRRVboeUgK1c9EdYiexnnGg53YTihq1VZwymSJImc7I=","eCo7KC39GKP3ZcTTKgeKgfzissT/+ih8+ybqN5QK6lA=","cpggseZTHs6T+cIg/tEK8LIIcCb0XwVzDEyOwvqLJhc=","iBUEahpwGGk+dSPgbWcjl5Tsrkghy2hWqnRRmiVEptc=","OSXQjn0bNm7WHixcS3lFPQ9KWdFoqdfqPKNKjEddROs=","2xyX4hLvm2MVnDt9zC8FcFn1wxBy4J9Kk7622X+cE7A=","NWXNHcv/KXgFGpIfZsJGD8c24zd/8ujRi0x8vm3eA68=","eAIvWnxpw2IYJow371aUTPiMJNFRDl9L5gCJV2cU2Qc=","7tcqs/BrUuRpjHwEyHf4Bxnmlzp2j2HDyi4Be7lYw2M=","xbWLLqywiejH2NZP+eYmjCCOCKcZWi5rLaDu0tbJRo4=","0BMM9+cA5rhnTGuZKOk5MLnHqsFWZjb18G2JafhhN5g=","KxGLXh+TwS4w3qsM/RJKmblbCoTmg9n6Ino5KHg6cao=","JX8lN8Yxq4l94tpZyWaXywf1gyzPDeEoU94BuM21Od8=","zg6jDTYS78scn08I9GY+j6DAGB6jmy/lxJIxiKrQwaE=","G6EVyFBZVR2Wj9TlwGQj2Kla18ZguN6d21NBI9G9XOY=","S6Ak1/ucLYeMZvIVF1yS2srZMT8Nz7kahplAQ7CXaIM=","q+hq2BSU/IdT8e4VXqoMLEL78ALjB16HVk2XcrUG2OE=","AEBgjF96rD4obLdI+aT7pSWA8DTLphEr64I3jQ5dDAs=","3Yngad+cIylz0TxAtqUv5M3ScK4mUvBj+LYYxbpkeUU=","Zkddlal3K40eF+ys+tN1UhOPeHgQbOfyZ85ZWp++FXU=","3kNKTiBP9fKLdvPE20/ZbC8rJ4wysRepsfMDF8InjgE=","yzWPum5lBtubDqpwOeBEsL4RVeS+5c+keu64a0a6p5w=","k5REB66qxOahOjTtI2Vuzt/cjDGx1qrUJ9hOH/Ur9Iw=","w64O4E6Pdx8pyMiw7bnTxNNr7iYoWWseP2UtbdH1vbk=","Mx14oCLuVF10iaLc9VEnBwKU9PsWVJ5gG1CNc7pQl4o=","p1fuzn8Cmz8NN/0o5SNrCw1G8yZweaha8umvseKcf+Y=","lm4qfwgkOElRvjfaDlmTCkUWFF7NgC/m4Wu32maeBIw=","bZlk9J9tH0QScI7CUtNmLl0XIdmIn4DWvhYHzU6qjQc=","3X5sxq4v3LokJCdNrhAvvdRUYlDsrEAEsQE5oxwSDmQ=","mc7JdLMITQjSobQFuy10FX8Y70dgMxKjKlcewEhzeVU=","Krem4bVhrCZ+msYlDktg55EjJP4q2kZDsVylelVTHJE=","lK2qdCECSkXE8qD/qgyg/e5rIjjghI3XdS/vXQyCQhg=","W/4PbdfEVfuGgBzo/kh+2jqHSIGlP7EZPN/4czG/SO0=","yXla5YhUFwa08127cPBcYszUj23ASSVWXu2RoKid3zw=","W0y2MmTrF5nx0/P1oJH2i6r5mR5kuWfTCcjmG0JHvNQ=","yMywjysAwAiLR992YH7RD8fcmFAdWJUbHFwX4NoA0dw=","c3YSIA1BHgw+Z6nSZrQTqUT2HuXcA+OywZrCBZvOpvY=","xEUbZ4ZEJGNn+xJr9BX7AIC3QWCdDvErBP/Svpc6DEw=","375vO/p/Hbv+uLddjHA50DQSOmiqupe0tH5BEV4wctI=","zTKn8HYggAsot9sBMvy94Nlafv4tCqFjbG541W+/c1c=","tDMZyZu/v17ba+4nT/sB7LNqdMFZrHuqVXeUwOo6NpE=","I7CHjHiyGv3pRTFPq1ka2egxu1R1/RxiMb+dqjSf5uQ=","fplMFl9vEP/k8Gx0y/lOEUGO9y9/OTXdZGhF6BhX+kc=","DRcJ7KKc60CzZq279EzbFsGBdoN+WwUqqG0gWGurISo=","G1hQ5+5qHmSuyU3RiIwDS4EYfI6mgrVtTQf1wQO6YxM="],"block_size":4096,"path":"inject/index.js"},{"block_hashes":["09QgTFlF/3rHhBGLqxkpipahkzk7XLRRlYCjR7/jSsg=","1cjIoiHVzwYYF3OIvvxAx5ncn2b77OSOY2ODsnmct3E=","CitBieJaaI8PF9vb0BmeAfewv1Dzsi26+dfusBR9pF4="],"block_size":4096,"path":"ui/assets/fonts/LICENSE.txt"},{"block_hashes":["rLErG054gzc3v23USU8SsKe95evBe0Nhq1ZTanLpv6Q=","gvHNDQ2UkdOkxTaOSfQYdgvRQbbxk4Gw/L65Pq6IO+U=","EvO2nI/tknQ3y+lFZsmCo8Eg1GvVByJLS1f9m0e93aM=","3DMnfNtfuyR5I26Gh0Tt8+jbD2uGdU6pfSCsg1M8Yek=","FE82xouEIizyUEuU5s7Pe0CAdTmlgufm5OAQBq2Cn2k=","Bh/v2JzdEFqKT0N6LxeAjkIyQk0jQhTiVqHomS157fw=","hx5IkrR88quYynJet40tUD3XMAbFM7fM43VNpMAsMyQ=","gShs9soni+PxCu+ekybJbPsbqvLvm47aHMWjbJ8I7q4=","idvTayehYw4CMqCp5iUKByWrsdnt64nEhccscfOydtQ=","GFmF8VCEQ88P1ITQ8I2CCr8lSFzcbLkfngsnp4eewGY=","ILodUxKEo5n2HCkvhrNtDdHnyAbqgCybD+9QvvPXQUg=","Uv8FKDL1VMQEhMxS1Ms9YOxBJ3bfO8fJJpNFbW9jLvc=","OJdslyv/mtcvqKGMt6AXnzI0IKGqqc2PDFvKOKF0qg8=","KBQXCbezrgIUBIvgaBnuGNBt9qpaIO9UqjC/wN2PNZ4=","O9R0JCnj2nc3VYRtnTjcxeM7WAM0N4rNpf1lenbzs1o=","D+bM5evZQeTSEhgtbw5TVf6zr3UyvCXZjh8xuisaovM=","nZIu3TP5YkAldpmmsPqPIBVEybPP0zOCPb62Q2n5aC8=","F2iUrXBclvlmzhzltE/7irpsJCXsJomav851tzdknb8=","JNx/3yn02kLxDVtIF/0CRq0Uwv1tzk16tppsJE4VfU0=","5iXufYUW2mefsHlreFyvvX/Id3xpa/7pTfFiWfEtSSY=","Y9Solry5kiBrthcuNUhSJB5nhGsqYPjDdmj2WBWOef0=","BNC3Rr2GlGC65oDcxa/qjxjimXPdropydyLDstz/SAg=","NrZvgalj8Nt4TQG37TFSgMUeqMzLUTC0Arg3MPtBlx8=","XmCPVJlUCpC3c0BKGtWXq0NU1QbqxvaEgnX4hxSsJKE=","a+rzp8Ksa/aWQt69/DxxWYixGjuHbDaT3Nn6nvdiGuA="],"block_size":4096,"path":"ui/assets/fonts/OpenSans-Light.ttf"},{"block_hashes":["IH7vA4VdbNUeGNu3ey8PyQgZGAh9VSlLyRS+EV0n8tA=","BKIMD1PMK8bY0kNWPUPEn2BgMIwpcxW3EVaFzAA5hC4=","mCE6i6u7MtNmoz0UyJf7BEF63/tVAgcObkgYn5wzpCA=","SLQ+e8kwLmXHTcaMfdRxXsc2dXEatlNM8noP2QnCIH8=","f1/eMW2LVwSK3qxlduiyV6MZtg4Vuw64MxKBwJxRWqM=","q3JRD7gXM+++gPF7DCEa0iZLljNHGe2ssnpMQGMw5VI=","qw3tKCADbbc54VFihKA0bddyOQ84Yq0FfUMFaT3fXSk=","bFQCMLxuWcSTDyL6vJcysc66l1X7HcJMvnq9JNDj63Y=","r8VZPz6nJCyY/vlBGgedCdBR1As+f5oJpIv3wtzVy4M=","jIxBHRskCO5/5u2+11CCXA24B4jtYKw1yOWTJgKLu7k=","z6EEijVwvgnsDx2X48Dzm3NpRTvhA7+wID+eqaEVMqI=","ZznoDNKPdD2HqiaZqFCFOWffIhLsjBMki23ReSl0Nas=","OvW1qTrZvKLWbsK1IJpG3k7hjbqF84Gti5wB14ETDBc=","UPRLf8/JEdaYnq/h6SZAtbMX9UK6wQAO4ImkGS75Yvo=","7FUfqZKbpIsjC26y81ET6rMtpGiPu3MHa3YIhsNb9mo=","791mtRSXBFwvKwCII0az95HK/Iuqy5I2O29IfnYfguU=","v70voW+Oxr1hVXmM83bp+8QVNT6aE1Pk1819bRi20nI=","vHeS4VkThm0ioZrqRF8QpJ+OnZmWzTi9RXsRba6GQNA=","suEuJ/SKsO/gUrb3qQFG1QcbxAz+869yzi/+U/6O3ig=","b/+tY2zhso6/UUCVMoWG/gIqGs6NitOGQlGYlqWApU8=","zPJql0kA4fIAjKCWuQtTYEy2QucHCep5Grd43SzVH/o=","2oEUrSyDTAWTR9k4rs+pO/fklu3JHCrZztppbp5F7+4=","gbI9IoTcadnebNsloTXVDYgH+dMVa8gcxf9+KBzAJXc=","tVffCj21cnD9grCGGAKNapmdzGNnlX9Sq5iJ6yv4Wos="],"block_size":4096,"path":"ui/assets/fonts/OpenSans-Regular.ttf"},{"block_hashes":["bi/fgJiO5ZOxG6qIkUyGYv3h845ye9Ipg2nxurDeIIE=","t7IOLDas5KI91W0ezdtnuU3gwnUrdc0miOAojNigE4A=","K4yjV4uTk11WHT8if1ibx2pD7X7TouXH4Izyhk7tljI=","GOk26zYQOOq0/CaW46kTBDV+KdC7iMRYgJMvtY4avdg=","bdRw9l2/gcM2t0OWS6vIAFBTtQeqaE57rfAPMHYi+5A=","q1uZfhyVTJUf50WTtQ1rfvtUkci1Dc+xTTobfEEeOMU=","RU6gYVSSh52ZRh5iYOueB4BeiWoD+x+43ZH5PqKqtI8=","56I09is4RJVQhI7jVDA9QE2AFRL4agRz50Edi1nnqjY=","i2e7VIHAm+mCrVo2oW3pKbxSwIXWc7gM3paF3n65vy0=","spq4gegP1qeWgUXP1Cn6o/AWhf9F4gCQiaJFSXdiEKU=","4VD6emxBS8bvKd2FIgfBT7uNuahL1rSF+k03gzGhdgI=","7k8WnRREdPA/T8k5WcnYn4RJi6PrkD9lLHtscGtVHKo=","wf7rJuUk7sfQEA8FVuNsQC5xjQ0jnjxJsFFTBgrPpLY=","e1txXI4LJFHRhjuU+5yqdw2nAoFXAvChBKvzUtg59GQ=","Ktc8+8ApNIs4kIs4NqmOfR4deDgAQfSvAcjA0RujSUo=","xpYcTQLbEkeJhpMtvpLZki8uoE6YIRIbqxe91EO36YU=","AlnhBZ+Bs4ehHe61i11kf/IJ965mx3lkU2Van4EEJlM=","NahvRVSMZhYHPj0ubstW1vdhwWqo+TPuhiylfWb8L+k=","jAgN2xOXbvcWFov3Qe32JEYsxR+v+VCxWQFyj/BkFCw=","4TrOZMNDTcutNVVbv+RcZ0tyluY8TUanR+nq6001UTI=","wrw+5UgdXOp8SYcgjq/UE4UrILIoyQ5WNV4JR9KrsIY=","c9EgBQpIW/ScwVbMayEBzBpDw1CPDnlkaAYBPO0XyNs=","a4fItlQmQwGKoka9T4gKtyx2xQGxq79V6vsHdgKZy04=","q4SNhAYYLXwz85+ZUfUy212Iiw86tP7Z+m9587TSAXo=","lEkAJBT+KArLnXQP8cLgtZoJZtHyDHmD78Y93Zxgcu8="],"block_size":4096,"path":"ui/assets/fonts/OpenSans-SemiBold.ttf"},{"block_hashes":["CTqSxfP5q2XhymBxXwz+6dIorjus8715G28WkGmCBqA=","dqpv4NredR/EZbf+vQgJqu1hgVZzstePKrBh8fnefwY=","rOiFGPc/+9HGFSGBUMszpiYWjGIhcpsitQRCGqARtwY=","I8O2WNneB1bzEnCu1aPHOga0Srbi6fqeT8GxzxflDRk=","GJpVdAL8IZOXyC58ZlcsOs6aRNMZHUFqpzhv0UGqxDM=","j3icycYRPFlGx9+XsretJRv+n4QRupj0twa30KyMiN4=","g9JqkQ+ypunb6LwBv9irZx0VntXuvd6d00C2EuexTyM="],"block_size":4096,"path":"ui/assets/images/darkreader-icon-256x256.png"},{"block_hashes":["CcC4KQRF3TsZy7ajCRRkld1r9m4VPfU4ivsBQBWhmD8="],"block_size":4096,"path":"ui/assets/images/darkreader-type.svg"},{"block_hashes":["2mU9tVxstZpXmBaNRAyOAPD2iJ4+uhagFgxsM6BVVYo="],"block_size":4096,"path":"ui/assets/images/ladybug-32.svg"},{"block_hashes":["9ag0mEvPno3SKv+pzzbyXj2qtIa5SuxivfXgsKzUrRQ=","K/pkJ0QBbbU/ikzFz92uU5QjoGOwnwmQn6jT7l1CKJE=","iA7auHMiGO/riOEhFdnhugmRHPe4xjKcVoMkh1OCSXE="],"block_size":4096,"path":"ui/assets/images/mode-dark-32.svg"},{"block_hashes":["jBJ1eanUe27Jqw9XaeNW3ai0tVmfoTv6yzyOPQrhfzM=","DeYNgTYWBZY9yOHwDpaT32aLPSkP+Id6HAzHKdFVwN0=","IGnVLLkczOho3Qw0bR6ossMTNYHUvwd8e4j6XZB46Us="],"block_size":4096,"path":"ui/assets/images/mode-light-32.svg"},{"block_hashes":["WB0l0ZCPEFB/69cAgDZaBGGrOP+Hy9TRtpYCZIRIB58="],"block_size":4096,"path":"ui/devtools/index.html"},{"block_hashes":["nWZTkCFlbKI6ScjJ6orQujNwMfrUI79ndiBAhVtmt6g=","9LBh42mkerxMsAf4wh3pf6o1jQzLkj+IudCqZ1pIDsI=","nALKDPEVRXBustFouUgMvjoWvt9RbgLztaiNIS24CU8=","Dltu7Pio1WfXSCyZfDxnNifRVpUDuCl3IyydAkgcr1I=","f6qEAyAZZb3OitvqfKAw2wslWZQ/uco48/cL3uSicMo=","pPUSGf6G2lxkPTnMV5GaAk8AHSLuVHsqbBL7NRxxA4o=","Mv9oeLPjlRLQRwWN5OAWrmGb3RzcPg7lYbiGumoE4RY=","sCFeq8zrS1ALuknRVrHeYrP9mPDHktR3YwUAyvtkMig=","sCRvUudUE7AwA4U10nQCTB3h+siLSROxmOQxKwyhtdI=","7F3pQf+5TkFRf6BMt7O38LPyW+QX4ZP8GlWTZGi5hTg=","koLi6VKHEO0D+op6sVe8/tlQ9n782EWy/1MvekdNySg=","sKnVGs6ElTolyxHOBmojd+nLD39RN3KN1PoWDojfv9I=","x8uSTiHKijZL7mODKYLvVXIBM2V8kaNL4XOqr3jhjdE=","tGq4kTlwTUFoN3vj8uQz9LMvxKkJZf0JHfqNaQTiNn0=","IIoZyDcOIAkSIQ2UfQoRa3QDtXZOH2F9HS9KeIASXjA=","lQgSDfnmtp1jfViTrsPXBvSdLuTJrivATlTFrY3swow=","aVn9pyzcGqN8W5wKlyXnXQzBn8om9GZ3LF8R9iwKHE8=","Fll1BfGgG8wCrwr5pxP9P0Xc8GnGjqT0meG4Aj0gyDI=","qMK3auQwLkKtJOsv334hbCgXTDqlvtzGxn/3CI+OhQ4=","QrrlH15vxuNECpqKwrdLJgTqLfq6a73HPqJHedj3OZ0=","XLiZu5vXfwmzU7q1q2gglrtlI5LFqZdsY64DUdXsoUc=","hTTk1mB6Ot50+/n3YcmZ4YhQe0TRmU+ebRl4qPpQ7dw=","Y/WY5DCBiuyLPhar/Y1YX2xIr58o09m9CNHC1Cis1xM=","k8eIXKMyLCax6YsA3bJi60ePfSUlpsTcJdrWK0C1EPg=","sXozKjUzIythUH8AWuuAW5R2zfDVPrb8AsfONvOvo5I="],"block_size":4096,"path":"ui/devtools/index.js"},{"block_hashes":["omSbYj/ulbpXFWmHtq3E4BbqXxrhUvSZh3ECeemSt4E=","O1EfmaGH2HaAPQI/utIbbfLjilyhPgcSgyoYFtyRGPA=","P7gEtt6K+IKQJZaMm2egM6xKv2Iu/0QY0iH6SYHm+Ss=","OBgzgVDC23fHXJbm8GGwVvNJniVTeLwKYZHp2tCYesk=","qDCpYOm5ooH3cLgIFuSEtuz0uAf7dtFQbFR3AWcCRY0=","8M1ysK/BDrRDRcFkhMjRPProkfKvOzX4F/klU3D6KgA="],"block_size":4096,"path":"ui/devtools/style.css"},{"block_hashes":["M7+NfbW7RtjPvH+TcePwwGulc6/GeP12dO5reyzytmY="],"block_size":4096,"path":"ui/popup/compatibility.js"},{"block_hashes":["dmP3spWfHQ5NIvbBu7EUQAHt6ir3NFvL1EXJXfKR+Co="],"block_size":4096,"path":"ui/popup/index.html"},{"block_hashes":["htzo+lV31JuVTLBehN5Ye/OeEecyhGUvjv/TP2A631Y=","qYC3lpzM5hLRPGz14UP5U/6y52j4vfzGN55x0Q96VVI=","ggUfj0a5cBmp3scDymwYR0OTfUkU8AvkCEXyDcmkaOY=","OdCUS6g1rMeVMB2UO4tgAWM7nCDPIfoboaMzu9TNy0A=","I9ihWyRwWw0ZghNZDZVCxeYcalnKMY+yq9U1wBsmHVM=","RjcmDiY9dJV3JDibkuJO3lwY4wB+HTqpFLPMdVqvjrY=","NT4rB3sE7gGmSOpt080IxJ1RmmrGtc7y4harsHNUxbY=","wPDVyrYvjeZvN0lgy8vnX5059lr7MwLPyUf21E7n+hI=","DszzfK5uE7U1CbQceLJBQ9l+wN08XRiE4EM9nx+rGYs=","dQYlS7yAp8wkN4IDR/L8kFRY4MmomjaCcHSUk9rrDWU=","n++RTNQdVIdmozMZT1h832Cmr0uy0+ZxEBONZxzI0eA=","BArvT6mMZUFAANgr9OLy9OJ40gTJD2xGzkUuyvMPaLk=","ff6XRq6HSdiIo4BrsOQnZEezUCeoKFrrwrArbZZrsi8=","lHzBt3QZtvIC2Bs/dIUCxdqf7ZokYXqaiL8XB+n3w3k=","I3aLVtiYlLYPB+Q3gBXqkp+I1nxUfOXecXMLrA2svVs=","BDZEB1fT0adrN6QfmcssBaCxB6HsmHb/rSHox0ZSeIg=","GgqbkNn5POfTdyFH7bxXSuDlFqiCLONo3uVEzU7HaLA=","5Wp79JoVeWh6SAMfisigxleyWUM2E+KPyOpuI97FXTE=","/iEVrAgwz88eLQpdC+fVdje/O6tC1g3Mbn3u5sWda1Y=","MSoVgn2N0vi17HlVte9V1K7BZOqapxoX3xMjZVatGE8=","BrrReqVdWyKCmzHXLAfMwSXicJJVGB8xTzijiX7nY4o=","EWxNh1097QnS729JhZ/z62xWW/hYzeU6QWDhIyTclSk=","3YplSbSiQdfkcFUVUTOTiygZSwmpPvvHaFTtwYJLgfA=","qIZu2bbvaSxsFvAR+mGPfyt96P1Ly4yYU5/B48Jl8Kw=","N/SXtXdfZFMNrGhBYGvKEAagCofLVmhjKOx2brD8KCQ=","KmOF+p2Bswhq7POI8BfeRIzL3Huerj2JbsVsjkDOuX4=","/DzduiTf++5liBWQCWgj6YJqe/m+kw7tVNIisa6vsj4=","Lng2ZxSZRdIaFkrKDVcZnpJP03mgHaX7Wcl3FMMTvjA=","OV48HyfX13OWOrmgUnsD2VDavUtoCpHbl7FRgIEUsks=","YwJ7eGjt8gVlPqN/zmT+UwhEuKNgbvGo0HmREgZ5XMg=","oYMAT2rnq4VA/DTiblSblef3EwA6yOhsA3FIwFwSucQ=","3Jc10SgYVGXZlu1xMEl4aKpDKdzqBcGOht2zH/csMhM=","HviIEbLC1odj4W+oY+o/tvs5LrqwXfY/8SGoV4GrMkQ=","8WBJNTBem84IW4BS9QFOoQY+47/AqrUckk/gO1M3+Lo=","LWkA5L4x8NbE2Vxu/7oziZFmoA/Tt+LeN4lGzP+YUe4=","64Mo15PT3Ar5AlcIGyn13NtJd6exTfubGT++6rDbntc=","OhMk6iCAkCUGuce/286QLXDMd6K/Y55O7nOB1oSK9G4=","wYlt6EvgC2GnT4hVQupwYrUF6RBq2J+0/ayaMRD8z9U=","pT4fQ4WrImYQvf1ZA8O3ZYvEUarsLOXeXo5+351lRdo=","F+YGI2lrN+cW8AyHHvkz2F0XNQjMeHS5aFPYc30dJXk=","nMcA2JiFlzVpcHo1pkUdInw59+X3VkCyTBWcNxp853I=","LyzR8SHJQK05xp8mKn2R/vp7YIYXurW1lUXYAICitC0=","phJbdpQc1/b8fPMXy17bmLX2UdEFfS5T9v9n9JtQZ4s=","sG1giLzCtFxDmT+spvEFNwROeojVxbQSRZ6K7Uil80g=","EQipLn1cdInwtSqaR8bL90dgHRZ3wG50tnEoziEp96Y=","1dDyQfoxYJA6xTMNLLW5+SVpaDoAktxCIV024jmgODs=","6jypL9hQjpJj2UMS+LhNLIZFilzRls1NuKvEgabsMJ4=","EpnjcOMIhOZe+2DDAdDDfjlYjnwhmxc2GfG9K8PwAeU=","oRukjwyOA8S7psNHWUnpfcb4yda96gUQ2KlP7lDiMJs=","Ep1FiY98yhomTxerYvE3jtbQTGaoEd7hPmkBoNNfnZs=","mxgMiusg+iZAzJJFa5WBbyuu10zdFMovSH2FBUsCsBM=","iWnpqBKQzEz8G6xkIZ43AfknyoLd1W5qA4x64tcrcWQ=","Htwqh4eYlZJG6PN5NswxV5fpBqERA2jMtlzB0uJKrNQ=","dIfj8aNhyGZ/tXI+Z5u5w5jZUXiZ6+PufGdlghgWNh0=","fdH22qmTbwGx+SqCubDqb7KyfNY6pADJ5iFEwGFLhiQ=","LllBpbEVRP0mqlCaEmgf1CBIjTv46U1HV/vwvMf3Uik=","ZBMj3AQenmnl+nqJDsgC5+aPGGEBjjmAf+Mes9Pl66k=","YjkuUDNmWa+WbAeGM9LFg1JNV3IQ4i1wbg7+w35VSQw=","qKZkBpTGCTMsmCMlRASzCnnFDoXzU+JtvTvgDVxU+LA=","12E3e6C+ldTUJEvI6C060IHXexjyaoDwmEweIsPGlcw=","/lHmMreU7Nwo8vgPS/gLS5e/KkHHhYwO+iVOfa4N1J4=","1REvYcPzBsoVp6yrYq20LHVvsaBKZbxutWjgYW3tJ38=","ufUITrMsJ8HYcXHeyUJ6dttaC/gkIqbYF08VP6PoWc4=","mEXqmR8WyEiW6r8A+ztudBvvVSa8iBtTg8LtbWpl9iY=","BiJ5RNRfF4+HC4hCXZClb1JMcvEbMEwA4wOx4lrLPNc=","QZq5k/kaAovyeqkR9e0FlKe6PDG09aN074pyTzoOA0A=","fBnHLGgILHIRzUM2B9ZD5dv/LjG+XMqdTEHaMYveYPg=","bqwwu9ssB17Bjn7veEsPMIuo6UMeYwbXg5ku9eC4pgk="],"block_size":4096,"path":"ui/popup/index.js"},{"block_hashes":["omSbYj/ulbpXFWmHtq3E4BbqXxrhUvSZh3ECeemSt4E=","O1EfmaGH2HaAPQI/utIbbfLjilyhPgcSgyoYFtyRGPA=","P7gEtt6K+IKQJZaMm2egM6xKv2Iu/0QY0iH6SYHm+Ss=","OBgzgVDC23fHXJbm8GGwVvNJniVTeLwKYZHp2tCYesk=","qDCpYOm5ooH3cLgIFuSEtuz0uAf7dtFQbFR3AWcCRY0=","QyO5bz+Sk4CjYFTMM9sj4YPtQtPOaHplo3i2hcQZuCE=","SUfu/ECbgZ+qCABuknLflZ7+HeKHbcSWTFZwbOpC3G4=","wFFxhP+MdV92YBHXWUtNW1EmxBXuGMvolBpLE+VouEA=","cwwVMWP4IOviKtLribFMBRBhXvK2/1DMWmxRurF8toA=","JbNlDpH6JqpygwNjlYfflmCdhOPGCrTW3Cp5FYERsSs=","TBuYvDOnqlsNZaaGqjMZhkbRlXeBVVhOBO1pU1O5Jeo=","443qHO3npP/0hpH/gZO1Q65NR+6kxsSGuC9d5Ivje+o=","heSVbe/RBXoY3f2YfpyqoqFjKGN8CJKDF0ByHQ8EJI0=","/mb54a/bzdCoF164XMbVpk7R83kr0fhVc2k66a/WvjE=","uxaoLv8o0zmS9H6kPWxrAzc3ZtUjm7EhG+AZK0hHwOg=","eDrk5gTCI0/lHIqBYDO8Xi/5A7JM8CBKzzH1KqlG2/I=","EYsaTp5oPeJDf02MXSjF5XPWXwSvYgsT2j7ILdrFfXY=","jMiAuH8cvZLhqFqIXyTFK3bN0zgkCzi2232L1H5yYdI=","9LqvdR4QbUlL6d8uWBWOSllz+TzL7djgRIG3qu5jORg="],"block_size":4096,"path":"ui/popup/style.css"},{"block_hashes":["Dr8+USvDHEwcLsAYBa3FC71PJjKgAvr68DaytYYLbZU="],"block_size":4096,"path":"ui/stylesheet-editor/index.html"},{"block_hashes":["nWZTkCFlbKI6ScjJ6orQujNwMfrUI79ndiBAhVtmt6g=","9LBh42mkerxMsAf4wh3pf6o1jQzLkj+IudCqZ1pIDsI=","nALKDPEVRXBustFouUgMvjoWvt9RbgLztaiNIS24CU8=","Dltu7Pio1WfXSCyZfDxnNifRVpUDuCl3IyydAkgcr1I=","f6qEAyAZZb3OitvqfKAw2wslWZQ/uco48/cL3uSicMo=","pPUSGf6G2lxkPTnMV5GaAk8AHSLuVHsqbBL7NRxxA4o=","Mv9oeLPjlRLQRwWN5OAWrmGb3RzcPg7lYbiGumoE4RY=","sCFeq8zrS1ALuknRVrHeYrP9mPDHktR3YwUAyvtkMig=","sCRvUudUE7AwA4U10nQCTB3h+siLSROxmOQxKwyhtdI=","TthosOimaHz8+tqiViHYvOdLMhfF8eqRtzA71oF5VIY=","S6wi1Dv7au9MJBPNNGoDOc5u201VmxpeS/BOa5FdToE=","QSCFf7eLVI7/yn0ilKboilQQ60AgcBDlbt41LdIWNo0=","NA2DXclyqWRN3xKqWfqIWJuLpNDJ2qHmdHcy/HDlfKo=","2RF4PkqDyzJ34FSsyShJXxDr7LUssbSaJRuBTn8LoBI=","n8t/j986hU/uYcZYF6s9UnahP91w60hcYykFhLRRfGA=","qK3r8Ez9oldI6Wc9eqTq1JePRtrZ5RgEbbOlCO2TYbc=","tCKvykOQVmk1nmjHg3FARoHkU+V3ivHdmt2I5IBbZ7s=","+f6oWp7MPTFiXzssYAzughgdix1Q/arCEyUHD+G6KR8=","4tolLPBDHz49olcq9Oju5iLdUwBx+EaWn5MsKMEvG6E=","u39c55dEAuZ2fReyqbQQfRVUzLrFqVYYk+qLkDS8QoQ=","RNRmTXiislH0FJUupxUjBbMAqqC08E9MSi5jq1WBHx4=","9fBjEweG8rzNf54yGSO8bVUl+xEcP6awOgC4y5GNvsk=","NzzBQ1KO8NSWnmYJ7Tw09cutPaiLfQCwx1t00oG67jc=","7OcSBrQHLyg4H+Cselqd7bTmLPiIEt2DmCnY8QDEsA0="],"block_size":4096,"path":"ui/stylesheet-editor/index.js"},{"block_hashes":["omSbYj/ulbpXFWmHtq3E4BbqXxrhUvSZh3ECeemSt4E=","O1EfmaGH2HaAPQI/utIbbfLjilyhPgcSgyoYFtyRGPA=","P7gEtt6K+IKQJZaMm2egM6xKv2Iu/0QY0iH6SYHm+Ss=","OBgzgVDC23fHXJbm8GGwVvNJniVTeLwKYZHp2tCYesk=","qDCpYOm5ooH3cLgIFuSEtuz0uAf7dtFQbFR3AWcCRY0=","8M1ysK/BDrRDRcFkhMjRPProkfKvOzX4F/klU3D6KgA="],"block_size":4096,"path":"ui/stylesheet-editor/style.css"}],"version":2}