{
   "add_site_to_list": {
      "message": "Agregar sitio a la lista"
   },
   "automation": {
      "message": "Automatización"
   },
   "brightness": {
      "message": "Brillo"
   },
   "change_browser_theme": {
      "message": "Cambiar el tema del navegador"
   },
   "contrast": {
      "message": "Contraste"
   },
   "custom_browser_theme_off": {
      "message": "Por defecto"
   },
   "custom_browser_theme_on": {
      "message": "Personalizado"
   },
   "dark": {
      "message": "Oscuro"
   },
   "donate": {
      "message": "Donar"
   },
   "engine_dynamic": {
      "message": "Dinámico"
   },
   "engine_filter": {
      "message": "Filtrar"
   },
   "engine_filter_plus": {
      "message": "Filtrar+"
   },
   "engine_static": {
      "message": "Estático"
   },
   "extension_description": {
      "message": "Modo oscuro para cada sitio web. Cuide sus ojos, use el tema oscuro para la navegación nocturna y diaria."
   },
   "filter": {
      "message": "Filtrar"
   },
   "grayscale": {
      "message": "Escala de grises"
   },
   "help": {
      "message": "Ayuda"
   },
   "invert_listed_only": {
      "message": "Invertir solo listado"
   },
   "latitude": {
      "message": "Latitud"
   },
   "light": {
      "message": "Claro"
   },
   "loading_please_wait": {
      "message": "Cargando por favor espere"
   },
   "longitude": {
      "message": "Longitud"
   },
   "mode": {
      "message": "Modo"
   },
   "more": {
      "message": "Más"
   },
   "news": {
      "message": "Noticias"
   },
   "not_invert_listed": {
      "message": "No invertir listado"
   },
   "off": {
      "message": "Apagado"
   },
   "on": {
      "message": "Encendido"
   },
   "only_for": {
      "message": "Solo para"
   },
   "only_for_description": {
      "message": "Aplicar la configuración solo al sitio web actual"
   },
   "open_dev_tools": {
      "message": "Herramientas de desarrollo"
   },
   "page_in_dark_list": {
      "message": "Este sitio está en la\nLista Oscura global"
   },
   "page_protected": {
      "message": "Esta página está protegida\npor el navegador"
   },
   "privacy": {
      "message": "Privacidad"
   },
   "read_more": {
      "message": "Leer más"
   },
   "select_font": {
      "message": "Seleccione una fuente"
   },
   "sepia": {
      "message": "Sepia"
   },
   "set_active_hours": {
      "message": "Establecer horas activas"
   },
   "set_location": {
      "message": "Activar después del atardecer en la ubicación"
   },
   "setup_add_site_hotkey": {
      "message": "Configure una tecla de acceso rápido para agregar un sitio"
   },
   "setup_hotkey_toggle_extension": {
      "message": "Extensión de configuración\nalternar tecla de acceso directo"
   },
   "setup_hotkey_toggle_site": {
      "message": "Configurar el sitio actual\nalternar tecla de acceso directo"
   },
   "site_list": {
      "message": "Lista de sitios"
   },
   "store_listing": {
      "message": "Esta extensión para el cuidado de la vista habilita el modo nocturno al crear temas oscuros para sitios web sobre la marcha. Dark Reader invierte los colores brillantes, haciéndolos de alto contraste y fáciles de leer por la noche.\n\nPuede ajustar el brillo, el contraste, el filtro sepia, el modo oscuro, la configuración de fuente y la lista de ignorados.\n\nEs posible que le pidamos que apoye el desarrollo de la aplicación con una donación. Es posible que vea noticias sobre Dark Reader en la ventana emergente de configuración. Existen herramientas de desarrollo para usuarios experimentados.\n\nDark Reader no muestra anuncios y no envía datos de los usuarios a ninguna parte. Es completamente de código abierto: https://github.com/darkreader/darkreader\n\nAntes de instalarlo, deshabilite las extensiones similares. ¡Disfruta mirando!"
   },
   "system_dark_mode": {
      "message": "Usar el esquema de colores del sistema"
   },
   "system_dark_mode_description": {
      "message": "Activar cuando el modo oscuro del sistema está encendido"
   },
   "text_stroke": {
      "message": "Trazo de texto"
   },
   "theme_generation_mode": {
      "message": "Modo de generación de temas"
   },
   "toggle_current_site": {
      "message": "Alternar sitio actual"
   },
   "toggle_extension": {
      "message": "Alternar extensión"
   },
   "try_experimental_theme_engines": {
      "message": "Pruebe motores de temas **experimentales**:\n**Filtro+** conserva la saturación de colores, usa GPU\n**Tema estático** genera un tema simple y rápido\n**Tema dinámico** analiza colores e imágenes"
   }
}
