{
   "add_site_to_list": {
      "message": "Idagdag ang site sa listahan"
   },
   "automation": {
      "message": "Awtomasyon"
   },
   "brightness": {
      "message": "Liwanag"
   },
   "change_browser_theme": {
      "message": "Palitan ang tema ng browser"
   },
   "contrast": {
      "message": "Contrast"
   },
   "custom_browser_theme_off": {
      "message": "Default"
   },
   "custom_browser_theme_on": {
      "message": "Custom"
   },
   "dark": {
      "message": "Madilim"
   },
   "donate": {
      "message": "Mag-donate"
   },
   "engine_dynamic": {
      "message": "Dynamiko"
   },
   "engine_filter": {
      "message": "Filter"
   },
   "engine_filter_plus": {
      "message": "Filter+"
   },
   "engine_static": {
      "message": "Static"
   },
   "extension_description": {
      "message": "Dark mode para sa lahat ng website. Alagaan ang iyong mga mata, gamitin ang dark theme para sa gabi at pang-araw-araw na browsing."
   },
   "filter": {
      "message": "Filter"
   },
   "grayscale": {
      "message": "Grayscale"
   },
   "help": {
      "message": "Tulong"
   },
   "invert_listed_only": {
      "message": "I-invert ang mga nakalista lamang"
   },
   "latitude": {
      "message": "Latitud"
   },
   "light": {
      "message": "Maliwanag"
   },
   "loading_please_wait": {
      "message": "Ikinakarga, mangyaring maghintay"
   },
   "longitude": {
      "message": "Longhitud"
   },
   "mode": {
      "message": "Mode"
   },
   "more": {
      "message": "Higit pa"
   },
   "news": {
      "message": "Balita"
   },
   "not_invert_listed": {
      "message": "Huwag i-invert ang mga nakalista"
   },
   "off": {
      "message": "Sarado"
   },
   "on": {
      "message": "Bukas"
   },
   "only_for": {
      "message": "Para lang sa"
   },
   "only_for_description": {
      "message": "Ilapat ang mga setting sa kasalukuyang website lamang"
   },
   "open_dev_tools": {
      "message": "Mga kagamitan para sa mga developer"
   },
   "page_in_dark_list": {
      "message": "Ang site na ito ay nasa pandaigdigang\nDark List"
   },
   "page_protected": {
      "message": "Protektado ang pahinang ito\nng browser"
   },
   "privacy": {
      "message": "Pagkapribado"
   },
   "read_more": {
      "message": "Magbasa ng higit pa"
   },
   "select_font": {
      "message": "Pumili ng font"
   },
   "sepia": {
      "message": "Sepia"
   },
   "set_active_hours": {
      "message": "Itakda ang mga aktibong oras"
   },
   "set_location": {
      "message": "Buksan pagkatapos ng paglubog ng araw sa lokasyon"
   },
   "setup_add_site_hotkey": {
      "message": "Magtakda ng hotkey para sa pagdadagdag ng isang site"
   },
   "setup_hotkey_toggle_extension": {
      "message": "I-setup ang ekstensyon\nhotkey sa pag-toggle"
   },
   "setup_hotkey_toggle_site": {
      "message": "I-setup ang kasalukuyang site\nhotkey sa pag-toggle"
   },
   "site_list": {
      "message": "Listahan ng mga site"
   },
   "store_listing": {
      "message": "Mabilisang binubuksan ng ekstensyong ito ang night mode sa pamamagitan ng madilim na tema. Ini-invert ng Dark Reader ang matitingkad na kulay, ginagawa silang high contrast at madaling basahin sa gabi.\n\nPuwede mong i-adjust ang liwanag, contrast, sepia filter, dark mode, mga setting ng font at ang ignore-list.\n\nMaaari naming hilingin sa iyo na suportahan ang pagbuo ng app gamit ang isang donasyon. Maaari kang makakita ng mga balita tungkol sa Dark Reader sa popup ng mga setting. Mayroong Mga Tool ng Developer para sa mga may karanasang user.\n\nHindi nagpapakita ng mga ad ang Dark Reader o ipinapadala ang iyong data kung saan-saan. Open-source ito: https://github.com/darkreader/darkreader\n\nBago mo ikabit (i-install) ito, tanggalin muna ang mga katulad na ekstensyon. Magsaya sa panonood!"
   },
   "system_dark_mode": {
      "message": "Gamitin ang iskema ng kulay ng system"
   },
   "system_dark_mode_description": {
      "message": "Buksan kapag nakabukas ang dark mode ng system"
   },
   "text_stroke": {
      "message": "Stroke ng teksto"
   },
   "theme_generation_mode": {
      "message": "Mode ng paggawa ng tema"
   },
   "toggle_current_site": {
      "message": "I-toggle ang kasalukuyang site"
   },
   "toggle_extension": {
      "message": "I-toggle ang ekstensyon"
   },
   "try_experimental_theme_engines": {
      "message": "Subukan ang mga **ekspermintal** na mga engine ng tema:\n**Filter+** pinapanatili ang saturation ng mga kulay, gumagamit ng GPU\n**Static na tema** gumagawa ng simple at mabilis na tema\n**Dynamikong tema** sinusuri ang mga kulay at larawan"
   }
}
